[
    {
        "name": "Generic NodeMCU 32",
        "nrf24": {
            "miso": 19,
            "mosi": 23,
            "clk": 18,
            "irq": 16,
            "en": 4,
            "cs": 5
        },
        "eth": {
            "enabled": false,
            "phy_addr": -1,
            "power": -1,
            "mdc": -1,
            "mdio": -1,
            "type": 0,
            "clk_mode": 0
        }
    },
    {
        "name": "Generic NodeMCU 32 with SSD1306",
        "nrf24": {
            "miso": 19,
            "mosi": 23,
            "clk": 18,
            "irq": 16,
            "en": 4,
            "cs": 5
        },
        "eth": {
            "enabled": false,
            "phy_addr": -1,
            "power": -1,
            "mdc": -1,
            "mdio": -1,
            "type": 0,
            "clk_mode": 0
        },
        "display": {
            "type": 2,
            "data": 21,
            "clk": 22
        }
    },
    {
        "name": "Generic NodeMCU 32 with SH1106",
        "nrf24": {
            "miso": 19,
            "mosi": 23,
            "clk": 18,
            "irq": 16,
            "en": 4,
            "cs": 5
        },
        "eth": {
            "enabled": false,
            "phy_addr": -1,
            "power": -1,
            "mdc": -1,
            "mdio": -1,
            "type": 0,
            "clk_mode": 0
        },
        "display": {
            "type": 3,
            "data": 21,
            "clk": 22
        }
    }
]